query,image url
BMW,https://www.google.com/tia/tia.png
BMW,https://encrypted-tbn0.gstatic.com/images?q=tbn:ANd9GcTCM9gkqSSY6LgwGXlQw5zGV-Cen99uXbf5EIWEWBWis4hF5hffUqlh6h6C&s
BMW,https://fonts.gstatic.com/s/i/productlogos/googleg/v6/24px.svg
BMW,https://encrypted-tbn0.gstatic.com/images?q=tbn:ANd9GcQfq9tQfx-BLEa4To00kdzxwbDlUbsH7I_koQ&s
BMW,https://encrypted-tbn0.gstatic.com/images?q=tbn:ANd9GcTXh2jEX5ghbvx_LJGmA1sbVW1mj5CwYDsPxA&s
BMW,https://encrypted-tbn0.gstatic.com/images?q=tbn:ANd9GcSezgu1U_FNOCKLaUZ7Yp10AZSEVYupkzR6OQ&s
BMW,https://encrypted-tbn0.gstatic.com/images?q=tbn:ANd9GcQeJPm_uafCMkBEep4XZb-BwxYlS1S8JrTyjQ&s
BMW,https://encrypted-tbn0.gstatic.com/images?q=tbn:ANd9GcSzedoXrHqLHGvG_jZ9jD-JpHooCZXxVson9A&s
BMW,https://encrypted-tbn0.gstatic.com/images?q=tbn:ANd9GcQfLJ8wdYMaQJbod6-Npory2yOj-HCWY7Qb2Q&s
BMW,https://encrypted-tbn0.gstatic.com/images?q=tbn:ANd9GcTwFwEf9HmVdrduS_Y1QDfXUoL9Yvjlt7o_fw&s
BMW,https://encrypted-tbn0.gstatic.com/images?q=tbn:ANd9GcS9TnW_VvzEJ3mhu5h8vxDVsCO3NQHBb7GL5A&s
BMW,https://encrypted-tbn0.gstatic.com/images?q=tbn:ANd9GcR2nHkt5DB55IbNFNyYYBq9AnigY_7ZbsvmBQ&s
BMW,https://encrypted-tbn0.gstatic.com/images?q=tbn:ANd9GcRhex8Kzp5qeOaedDcadOy6UAz6dPxhkXoH6Q&s
BMW,https://encrypted-tbn0.gstatic.com/images?q=tbn:ANd9GcSXlZ9Krek8izZ2eFqh6V5yR4kC_3-yH3lPuA&s
BMW,https://encrypted-tbn0.gstatic.com/images?q=tbn:ANd9GcRavM-hG_-wSn51u2OBIY04u2VvdXQB8uPZWA&s
BMW,https://encrypted-tbn0.gstatic.com/images?q=tbn:ANd9GcQncLeNrF-rX1iMMd16rNwGgMf3VmRcSqRU6A&s
BMW,https://encrypted-tbn0.gstatic.com/images?q=tbn:ANd9GcSoDjgqRPsnMgzOfz2gGGaDqEsunHLUucZ23Q&s
BMW,https://encrypted-tbn0.gstatic.com/images?q=tbn:ANd9GcRegzC-wXypKPjtvyBbHJ37BBy2KUWcT7bgbvF2OrXgYS0GyBh7WRVI&s=0
BMW,https://encrypted-tbn0.gstatic.com/images?q=tbn:ANd9GcSec1UY1GQ9R3b3LE9sj869rWRm0ait0hTj249RJivIRLFAMQG-71Co&s=0
BMW,https://encrypted-tbn0.gstatic.com/images?q=tbn:ANd9GcQo-UlAoku2y7UodxV6SNoRegmrKi1kOezrHseQOSNBKYJjsg6eEriO&s=0
BMW,https://encrypted-tbn0.gstatic.com/images?q=tbn:ANd9GcTt5k9jqVEOPF478fhgH5nMj7ms-ieaCuNyrA&s
BMW,https://encrypted-tbn0.gstatic.com/images?q=tbn:ANd9GcScUECThDergk81RK6WsxnCDMgtyHUGjybeyA&s
BMW,https://encrypted-tbn0.gstatic.com/images?q=tbn:ANd9GcTzvYWL_4PKGyUp-2RixiLmTuRY3KYOwewffQ&s
BMW,https://encrypted-tbn0.gstatic.com/images?q=tbn:ANd9GcQ5N0PJc2DgYzjxBlWQ6zXu-2yOj27rAbXjKQ&s
BMW,https://encrypted-tbn0.gstatic.com/images?q=tbn:ANd9GcQFpJsCVtSFx2jmtdo_KwvzIq9xWtKmX6DjRw&s
BMW,"https://encrypted-tbn0.gstatic.com/faviconV2?url=https://www.bmw-qatar.com&client=IMAGE_SEARCH&size=16&type=FAVICON&fallback_opts=TYPE,SIZE,URL"
BMW,https://encrypted-tbn0.gstatic.com/images?q=tbn:ANd9GcR4DWIzwZvATUSWD5-ko5HouAwomkwIrMdmIA&s
BMW,"https://encrypted-tbn0.gstatic.com/faviconV2?url=https://inrix.com&client=IMAGE_SEARCH&size=16&type=FAVICON&fallback_opts=TYPE,SIZE,URL"
BMW,https://encrypted-tbn0.gstatic.com/images?q=tbn:ANd9GcRRqEDemnEOHjOf8L-cksSqen4eBU6ssaNrfw&s
BMW,"https://encrypted-tbn0.gstatic.com/faviconV2?url=https://www.findyourbmw.ae&client=IMAGE_SEARCH&size=16&type=FAVICON&fallback_opts=TYPE,SIZE,URL"
BMW,https://encrypted-tbn0.gstatic.com/images?q=tbn:ANd9GcRMjz9gX8fj4AATqR68NDswlnF8LKnD4eSp9g&s
BMW,"https://encrypted-tbn2.gstatic.com/faviconV2?url=https://arabgt.com&client=IMAGE_SEARCH&size=16&type=FAVICON&fallback_opts=TYPE,SIZE,URL"
BMW,https://encrypted-tbn0.gstatic.com/images?q=tbn:ANd9GcQ80XXYzPL9lmPBIFeOj9npkQ0iB8yMfWY2Vg&s
BMW,"https://encrypted-tbn2.gstatic.com/faviconV2?url=https://www.wired.com&client=IMAGE_SEARCH&size=16&type=FAVICON&fallback_opts=TYPE,SIZE,URL"
BMW,https://encrypted-tbn0.gstatic.com/images?q=tbn:ANd9GcTsckcl39aJ8g1hBl6c1XSHtRqa_lF3kph9Rg&s
BMW,"https://encrypted-tbn3.gstatic.com/faviconV2?url=https://www.topgear.com&client=IMAGE_SEARCH&size=16&type=FAVICON&fallback_opts=TYPE,SIZE,URL"
BMW,https://encrypted-tbn0.gstatic.com/images?q=tbn:ANd9GcSDf0fzneY7vEguqknoYr861oQEeutM5GQGHQ&s
BMW,"https://encrypted-tbn3.gstatic.com/faviconV2?url=https://cylindersi.pl&client=IMAGE_SEARCH&size=16&type=FAVICON&fallback_opts=TYPE,SIZE,URL"
BMW,https://encrypted-tbn0.gstatic.com/images?q=tbn:ANd9GcQpZtM4VLDvIJVEb6z6xVZtZiL_21Kww90bQA&s
BMW,"https://encrypted-tbn1.gstatic.com/faviconV2?url=https://bmwstore.id&client=IMAGE_SEARCH&size=16&type=FAVICON&fallback_opts=TYPE,SIZE,URL"
BMW,https://encrypted-tbn0.gstatic.com/images?q=tbn:ANd9GcSlWj1vcIgJIWzuOs-krhN8QhTTiUWWcF6e-w&s
BMW,"https://encrypted-tbn1.gstatic.com/faviconV2?url=https://fusioncars.in&client=IMAGE_SEARCH&size=16&type=FAVICON&fallback_opts=TYPE,SIZE,URL"
BMW,https://encrypted-tbn0.gstatic.com/images?q=tbn:ANd9GcSr-w7GlnvbUPuWXlHQWLi4nmP4l78UNwwQag&s
BMW,"https://encrypted-tbn3.gstatic.com/faviconV2?url=https://moten-company.com&client=IMAGE_SEARCH&size=16&type=FAVICON&fallback_opts=TYPE,SIZE,URL"
BMW,https://encrypted-tbn0.gstatic.com/images?q=tbn:ANd9GcQsMNRV7K-hycOCBr9rCeoE9a65r412qK8f1A&s
BMW,"https://encrypted-tbn3.gstatic.com/faviconV2?url=https://uae.dubizzle.com&client=IMAGE_SEARCH&size=16&type=FAVICON&fallback_opts=TYPE,SIZE,URL"
BMW,https://encrypted-tbn0.gstatic.com/images?q=tbn:ANd9GcTXNnnroBaPZo8dv_us-G3AHuUxLkkMvtVUrQ&s
BMW,"https://encrypted-tbn2.gstatic.com/faviconV2?url=https://www.assayyarat.com&client=IMAGE_SEARCH&size=16&type=FAVICON&fallback_opts=TYPE,SIZE,URL"
BMW,https://encrypted-tbn0.gstatic.com/images?q=tbn:ANd9GcS--gPyfA75_yPv0-XGNtYib1CloXxNQfnTVA&s
BMW,"https://encrypted-tbn3.gstatic.com/faviconV2?url=https://www.amazon.ae&client=IMAGE_SEARCH&size=16&type=FAVICON&fallback_opts=TYPE,SIZE,URL"
BMW,https://encrypted-tbn0.gstatic.com/images?q=tbn:ANd9GcSLgwOqSWZMTES2B6fG3MC0auLI874zu0tl3Q&s
BMW,"https://encrypted-tbn3.gstatic.com/faviconV2?url=https://www.hippoleasing.co.uk&client=IMAGE_SEARCH&size=16&type=FAVICON&fallback_opts=TYPE,SIZE,URL"
BMW,https://encrypted-tbn0.gstatic.com/images?q=tbn:ANd9GcQCDn4xgzULppMVjdptpOOdmg5wpkZiG2R1NA&s
BMW,"https://encrypted-tbn2.gstatic.com/faviconV2?url=https://www.almuraba.net&client=IMAGE_SEARCH&size=16&type=FAVICON&fallback_opts=TYPE,SIZE,URL"
BMW,https://encrypted-tbn0.gstatic.com/images?q=tbn:ANd9GcSR9w_rh9xfe5xUXrtxHsty3uhIwILV8oyuMA&s
BMW,"https://encrypted-tbn0.gstatic.com/faviconV2?url=https://asdautoparts.com&client=IMAGE_SEARCH&size=16&type=FAVICON&fallback_opts=TYPE,SIZE,URL"
BMW,https://encrypted-tbn0.gstatic.com/images?q=tbn:ANd9GcQ1wneMOYXj02XMAhmlCPFvdWzma64kyipGWA&s
BMW,"https://encrypted-tbn0.gstatic.com/faviconV2?url=https://www.bmwhk.com&client=IMAGE_SEARCH&size=16&type=FAVICON&fallback_opts=TYPE,SIZE,URL"
BMW,https://encrypted-tbn0.gstatic.com/images?q=tbn:ANd9GcSotdpOeozOSalxnl1u3XxeY5gYME_zF9DqPA&s
BMW,"https://encrypted-tbn3.gstatic.com/faviconV2?url=https://www.halliwelljones.co.uk&client=IMAGE_SEARCH&size=16&type=FAVICON&fallback_opts=TYPE,SIZE,URL"
BMW,https://encrypted-tbn0.gstatic.com/images?q=tbn:ANd9GcT_LGlp_7g5F4w8YSbvp_47ds2T70X1kg8oWA&s
BMW,"https://encrypted-tbn0.gstatic.com/faviconV2?url=https://www.bmw-oman.com&client=IMAGE_SEARCH&size=16&type=FAVICON&fallback_opts=TYPE,SIZE,URL"
BMW,https://encrypted-tbn0.gstatic.com/images?q=tbn:ANd9GcQ9vZvhu0cBpYiLFXBCzD9o3O69pb-OqzH6wQ&s
BMW,"https://encrypted-tbn2.gstatic.com/faviconV2?url=https://www.nalleybmw.com&client=IMAGE_SEARCH&size=16&type=FAVICON&fallback_opts=TYPE,SIZE,URL"
BMW,https://encrypted-tbn0.gstatic.com/images?q=tbn:ANd9GcStqsvpUmNxX1NCLB4Tx4Zl6ENH5k-z3KQnrx9szwBOCrM0hm_zEzjY5A&s=0
BMW,https://encrypted-tbn0.gstatic.com/images?q=tbn:ANd9GcToyqytkX-u7gmg3mYs3oMeyX2a5aJJbHC3Ehf7cjzOC_eVnsuoMCZe&s=0
BMW,https://encrypted-tbn0.gstatic.com/images?q=tbn:ANd9GcT5UyKUmwDfzpCs8pQLRHO9O337xYu2adfnXKGMBvhHPlGCKHe-5gZv&s=0
BMW,https://encrypted-tbn0.gstatic.com/images?q=tbn:ANd9GcQZO8Z-epQfDnRwSwjsNc4ctJ3wDClIOxqCeA&s
BMW,"https://encrypted-tbn3.gstatic.com/faviconV2?url=https://ksa.carswitch.com&client=IMAGE_SEARCH&size=16&type=FAVICON&fallback_opts=TYPE,SIZE,URL"
BMW,https://encrypted-tbn0.gstatic.com/images?q=tbn:ANd9GcRdDNfIckknuEpWS1kKzvPkA2Zc_uiArpMfGg&s
BMW,"https://encrypted-tbn1.gstatic.com/faviconV2?url=https://nabd.com&client=IMAGE_SEARCH&size=16&type=FAVICON&fallback_opts=TYPE,SIZE,URL"
BMW,https://encrypted-tbn0.gstatic.com/images?q=tbn:ANd9GcT1Lo0WY7JMd3xe9dBmbUSUN-iDq5dw4BO6RQ&s
BMW,"https://encrypted-tbn1.gstatic.com/faviconV2?url=https://www.bmwgroup-werke.com&client=IMAGE_SEARCH&size=16&type=FAVICON&fallback_opts=TYPE,SIZE,URL"
BMW,https://encrypted-tbn0.gstatic.com/images?q=tbn:ANd9GcRMlF9x7ALkmHI9hT4E6QeEypMl7XLHFku5iQ&s
BMW,"https://encrypted-tbn2.gstatic.com/faviconV2?url=https://www.youtube.com&client=IMAGE_SEARCH&size=16&type=FAVICON&fallback_opts=TYPE,SIZE,URL"
BMW,https://encrypted-tbn0.gstatic.com/images?q=tbn:ANd9GcTVnkf782AU62IHkYnvaEH1i8YZaewSHSMFWQ&s
BMW,"https://encrypted-tbn1.gstatic.com/faviconV2?url=https://www.shutterstock.com&client=IMAGE_SEARCH&size=16&type=FAVICON&fallback_opts=TYPE,SIZE,URL"
BMW,https://encrypted-tbn0.gstatic.com/images?q=tbn:ANd9GcTV_k3me1BYlZx44TgwzMTteUJtzlTjjCGjQQ&s
BMW,"https://encrypted-tbn2.gstatic.com/faviconV2?url=https://www.gettyimages.com&client=IMAGE_SEARCH&size=16&type=FAVICON&fallback_opts=TYPE,SIZE,URL"
BMW,https://encrypted-tbn0.gstatic.com/images?q=tbn:ANd9GcRU6j0Dk4VNs1czaZTRv74kUU1sWs3bLo6c3A&s
BMW,"https://encrypted-tbn3.gstatic.com/faviconV2?url=https://www.edmunds.com&client=IMAGE_SEARCH&size=16&type=FAVICON&fallback_opts=TYPE,SIZE,URL"
BMW,https://encrypted-tbn0.gstatic.com/images?q=tbn:ANd9GcTh48at4G4NFkDgEhtY9wtg759xyNxKcfBmZQ&s
BMW,https://encrypted-tbn0.gstatic.com/images?q=tbn:ANd9GcSNuVvXGVIQWnxBo1rRUkuK8zqb6zvjRAylCg&s
BMW,"https://encrypted-tbn1.gstatic.com/faviconV2?url=https://www.almasryalyoum.com&client=IMAGE_SEARCH&size=16&type=FAVICON&fallback_opts=TYPE,SIZE,URL"
BMW,https://encrypted-tbn0.gstatic.com/images?q=tbn:ANd9GcTfySl-RpuHbuHFc-aaIsRWE14slUCaHHLBSA&s
BMW,https://encrypted-tbn0.gstatic.com/images?q=tbn:ANd9GcQUJ5Ier-RkjWB0OnTJdqBX_LAx7xd73nNZeg&s
BMW,"https://encrypted-tbn3.gstatic.com/faviconV2?url=https://gearsme.com&client=IMAGE_SEARCH&size=16&type=FAVICON&fallback_opts=TYPE,SIZE,URL"
BMW,https://encrypted-tbn0.gstatic.com/images?q=tbn:ANd9GcS3rFlAqx0nSeYoH530CQAtYMQKilAivHX4rg&s
BMW,"https://encrypted-tbn2.gstatic.com/faviconV2?url=https://www.carmagazine.co.uk&client=IMAGE_SEARCH&size=16&type=FAVICON&fallback_opts=TYPE,SIZE,URL"
BMW,https://encrypted-tbn0.gstatic.com/images?q=tbn:ANd9GcSUdGS_dGANjxFicBeKzjdvuStjRA3YCSKK-g&s
BMW,"https://encrypted-tbn3.gstatic.com/faviconV2?url=https://www.bmwblog.com&client=IMAGE_SEARCH&size=16&type=FAVICON&fallback_opts=TYPE,SIZE,URL"
BMW,https://encrypted-tbn0.gstatic.com/images?q=tbn:ANd9GcSCvlcb5R_FaUpFhLmhBjQ8cSaJ75cSha23Iw&s
BMW,"https://encrypted-tbn0.gstatic.com/faviconV2?url=https://www.bmw-abudhabi.com&client=IMAGE_SEARCH&size=16&type=FAVICON&fallback_opts=TYPE,SIZE,URL"
BMW,https://encrypted-tbn0.gstatic.com/images?q=tbn:ANd9GcQ7G2KlGdaJlks1uD2yMeari1GH_YddaQuD_Q&s
BMW,"https://encrypted-tbn0.gstatic.com/faviconV2?url=https://www.bmw-welt.com&client=IMAGE_SEARCH&size=16&type=FAVICON&fallback_opts=TYPE,SIZE,URL"
BMW,https://encrypted-tbn0.gstatic.com/images?q=tbn:ANd9GcTN1mjANKHVoXPBKXOpPtXyS6npZ-p8amJtQw&s
BMW,"https://encrypted-tbn2.gstatic.com/faviconV2?url=https://mohamedhakim.com&client=IMAGE_SEARCH&size=16&type=FAVICON&fallback_opts=TYPE,SIZE,URL"
BMW,https://encrypted-tbn0.gstatic.com/images?q=tbn:ANd9GcRS-bmuxJJHZUENsWQOoSrNbjzQQDRBKdiqZA&s
BMW,"https://encrypted-tbn2.gstatic.com/faviconV2?url=https://www.bmw-deutschemotoren.in&client=IMAGE_SEARCH&size=16&type=FAVICON&fallback_opts=TYPE,SIZE,URL"
BMW,https://encrypted-tbn0.gstatic.com/images?q=tbn:ANd9GcQ9DsfuDRoFZu-QjOVHjnootg4W0LRbxPf6Mg&s
BMW,"https://encrypted-tbn1.gstatic.com/faviconV2?url=https://www.williamsgroup.co.uk&client=IMAGE_SEARCH&size=16&type=FAVICON&fallback_opts=TYPE,SIZE,URL"
BMW,https://encrypted-tbn0.gstatic.com/images?q=tbn:ANd9GcTVCMtJ5lEM2c134Lqlob2_Dkii_4rKWcE29A&s
BMW,"https://encrypted-tbn2.gstatic.com/faviconV2?url=https://ar.wikipedia.org&client=IMAGE_SEARCH&size=16&type=FAVICON&fallback_opts=TYPE,SIZE,URL"
BMW,https://encrypted-tbn0.gstatic.com/images?q=tbn:ANd9GcQoC9izDLXjRRa1CvoDmnTjVlxVOWW0JIWPuQ&s
BMW,"https://encrypted-tbn2.gstatic.com/faviconV2?url=https://www.bmw-dubai.com&client=IMAGE_SEARCH&size=16&type=FAVICON&fallback_opts=TYPE,SIZE,URL"
BMW,https://encrypted-tbn0.gstatic.com/images?q=tbn:ANd9GcQ-TuLzFiTTi_5hiZNjoA6K7McvPk0aklvLSg&s
BMW,"https://encrypted-tbn3.gstatic.com/faviconV2?url=https://www.driveandreview.com&client=IMAGE_SEARCH&size=16&type=FAVICON&fallback_opts=TYPE,SIZE,URL"
BMW,https://encrypted-tbn0.gstatic.com/images?q=tbn:ANd9GcQBZJ6XM0HZeyhQJZMQd2P_C6xR4u95FdD8YQ&s
BMW,"https://encrypted-tbn3.gstatic.com/faviconV2?url=https://www.bmw-jordan.com&client=IMAGE_SEARCH&size=16&type=FAVICON&fallback_opts=TYPE,SIZE,URL"
BMW,https://encrypted-tbn0.gstatic.com/images?q=tbn:ANd9GcSYvEsuupvrInSka8jE14E8B52o5M4Goj_1Og&s
BMW,"https://encrypted-tbn1.gstatic.com/faviconV2?url=https://www.bmwusa.com&client=IMAGE_SEARCH&size=16&type=FAVICON&fallback_opts=TYPE,SIZE,URL"
BMW,https://encrypted-tbn0.gstatic.com/images?q=tbn:ANd9GcQnSWiRDDkp_nX01fdhsJSAvTYJ0UffyQ_W3A&s
BMW,"https://encrypted-tbn2.gstatic.com/faviconV2?url=https://www.gran-turismo.com&client=IMAGE_SEARCH&size=16&type=FAVICON&fallback_opts=TYPE,SIZE,URL"
BMW,https://encrypted-tbn0.gstatic.com/images?q=tbn:ANd9GcTMgHIGsTsd5B5cD6nlCFJzFGzdVCfRuX5UBghB2NAD&s=0
BMW,https://encrypted-tbn0.gstatic.com/images?q=tbn:ANd9GcQ8RmfUQsGRoPeC6OsCHTQpGfndru0viiUBFfLQ0Ccy&s=0
BMW,https://encrypted-tbn0.gstatic.com/images?q=tbn:ANd9GcSg32hkRXtz29J9sTVLGfZstGce8WKaZuCSOHTbIgNE&s=0
BMW,https://encrypted-tbn0.gstatic.com/images?q=tbn:ANd9GcR7OeNZSOmjG9B6-keCbRwxXb0oxdrYEfYlSQ&s
BMW,"https://encrypted-tbn1.gstatic.com/faviconV2?url=https://www.bmw-m.com&client=IMAGE_SEARCH&size=16&type=FAVICON&fallback_opts=TYPE,SIZE,URL"
BMW,https://encrypted-tbn0.gstatic.com/images?q=tbn:ANd9GcQz7JpWuGIbHdKPr6Kk7mh4E1P2aNnPvb1Ihg&s
BMW,"https://encrypted-tbn0.gstatic.com/faviconV2?url=https://www.autotrader.co.uk&client=IMAGE_SEARCH&size=16&type=FAVICON&fallback_opts=TYPE,SIZE,URL"
BMW,https://encrypted-tbn0.gstatic.com/images?q=tbn:ANd9GcQ3cbNbQzkQLoH_fcbLIJz-ORgJUYMjhZ-aFg&s
BMW,"https://encrypted-tbn2.gstatic.com/faviconV2?url=https://syarah.com&client=IMAGE_SEARCH&size=16&type=FAVICON&fallback_opts=TYPE,SIZE,URL"
BMW,https://encrypted-tbn0.gstatic.com/images?q=tbn:ANd9GcTtZiv0A59QVNNJrJuXvcFGc9jO_B3TMnYNXA&s
BMW,"https://encrypted-tbn3.gstatic.com/faviconV2?url=https://www.carwale.com&client=IMAGE_SEARCH&size=16&type=FAVICON&fallback_opts=TYPE,SIZE,URL"
BMW,https://encrypted-tbn0.gstatic.com/images?q=tbn:ANd9GcRq1pt-4oyx6Kzz20te7fvUU0X21nbAep7P0g&s
BMW,"https://encrypted-tbn3.gstatic.com/faviconV2?url=https://me.motor1.com&client=IMAGE_SEARCH&size=16&type=FAVICON&fallback_opts=TYPE,SIZE,URL"
BMW,https://encrypted-tbn0.gstatic.com/images?q=tbn:ANd9GcT8WPYeinhAQKmqqk1VGi55myBSAWeZO4RtbA&s
BMW,"https://encrypted-tbn0.gstatic.com/faviconV2?url=https://www.bmw-egypt.com&client=IMAGE_SEARCH&size=16&type=FAVICON&fallback_opts=TYPE,SIZE,URL"
BMW,https://encrypted-tbn0.gstatic.com/images?q=tbn:ANd9GcTUbwXVDjv8KQFYKop2l5HMmq25geyo_YxJLg&s
BMW,"https://encrypted-tbn1.gstatic.com/faviconV2?url=https://www.infinity-group.in&client=IMAGE_SEARCH&size=16&type=FAVICON&fallback_opts=TYPE,SIZE,URL"
BMW,"https://encrypted-tbn0.gstatic.com/faviconV2?url=https://www.bmw-me.com&client=IMAGE_SEARCH&size=16&type=FAVICON&fallback_opts=TYPE,SIZE,URL"
BMW,https://encrypted-tbn0.gstatic.com/images?q=tbn:ANd9GcTgBLcbw2P09UJ07bjoiaDprUQsgjJ40JcFyA&s
BMW,"https://encrypted-tbn3.gstatic.com/faviconV2?url=https://hants.muddystilettos.co.uk&client=IMAGE_SEARCH&size=16&type=FAVICON&fallback_opts=TYPE,SIZE,URL"
BMW,https://encrypted-tbn0.gstatic.com/images?q=tbn:ANd9GcSDPyOqj0C9CWquwGb6ozm3PelG6qQ4NiMigw&s
BMW,"https://encrypted-tbn3.gstatic.com/faviconV2?url=https://www.drive.com.au&client=IMAGE_SEARCH&size=16&type=FAVICON&fallback_opts=TYPE,SIZE,URL"
BMW,https://encrypted-tbn0.gstatic.com/images?q=tbn:ANd9GcQK1EyRoCX_E1Q0uPfsUmaoLAcWwrO_BPTF0A&s
BMW,"https://encrypted-tbn1.gstatic.com/faviconV2?url=https://www.caranddriver.com&client=IMAGE_SEARCH&size=16&type=FAVICON&fallback_opts=TYPE,SIZE,URL"
BMW,https://encrypted-tbn0.gstatic.com/images?q=tbn:ANd9GcSdPSEYWOhnZZU3Hu1prxR4kqOI7I69VpfAtA&s
BMW,"https://encrypted-tbn0.gstatic.com/faviconV2?url=https://www.lmg.co.za&client=IMAGE_SEARCH&size=16&type=FAVICON&fallback_opts=TYPE,SIZE,URL"
BMW,https://encrypted-tbn0.gstatic.com/images?q=tbn:ANd9GcSPOlXB0oaSecLeWUdV8WM-GWh57bDBiEJzJQ&s
BMW,"https://encrypted-tbn2.gstatic.com/faviconV2?url=https://majorworld.com&client=IMAGE_SEARCH&size=16&type=FAVICON&fallback_opts=TYPE,SIZE,URL"
BMW,https://encrypted-tbn0.gstatic.com/images?q=tbn:ANd9GcQDiazFGNA1nZcgSVbDPY7Om3BuVz0ynuolxA&s
BMW,"https://encrypted-tbn0.gstatic.com/faviconV2?url=https://www.press.bmwgroup.com&client=IMAGE_SEARCH&size=16&type=FAVICON&fallback_opts=TYPE,SIZE,URL"
BMW,https://encrypted-tbn0.gstatic.com/images?q=tbn:ANd9GcR_rkQmZVXLldIU3mW5ouvwbLQbYkUEEwA5Gw&s
BMW,https://encrypted-tbn0.gstatic.com/images?q=tbn:ANd9GcQto--xIPT1EZGkRIt8G_NvZKcJOSl15J6a7Q&s
BMW,"https://encrypted-tbn2.gstatic.com/faviconV2?url=https://www.cartrade.com&client=IMAGE_SEARCH&size=16&type=FAVICON&fallback_opts=TYPE,SIZE,URL"
BMW,https://encrypted-tbn0.gstatic.com/images?q=tbn:ANd9GcTvMCV74WC84rrI2D-XocVOcvYdCwnSPdm83g&s
BMW,https://encrypted-tbn0.gstatic.com/images?q=tbn:ANd9GcQyDu1vR_4d_TEb8llP8_fo28DJyulJ2WmhcA&s
BMW,"https://encrypted-tbn3.gstatic.com/faviconV2?url=https://robbreport.com&client=IMAGE_SEARCH&size=16&type=FAVICON&fallback_opts=TYPE,SIZE,URL"
BMW,https://encrypted-tbn0.gstatic.com/images?q=tbn:ANd9GcQZ6UnJAWA5suqBbNONbGHKdSTza05ST1NVVQ&s
BMW,"https://encrypted-tbn3.gstatic.com/faviconV2?url=https://www.aljazeera.net&client=IMAGE_SEARCH&size=16&type=FAVICON&fallback_opts=TYPE,SIZE,URL"
BMW,https://encrypted-tbn0.gstatic.com/images?q=tbn:ANd9GcRctNP_CCFN-R3mG7rghZhMwLaUQLRavSLWLQ&s
BMW,"https://encrypted-tbn2.gstatic.com/faviconV2?url=https://citymagazine.si&client=IMAGE_SEARCH&size=16&type=FAVICON&fallback_opts=TYPE,SIZE,URL"
BMW,https://encrypted-tbn0.gstatic.com/images?q=tbn:ANd9GcQSulzj90N5NK7J_cmuSip1ViFIRMA0Thss3A&s
BMW,"https://encrypted-tbn0.gstatic.com/faviconV2?url=https://www.thecarconnection.com&client=IMAGE_SEARCH&size=16&type=FAVICON&fallback_opts=TYPE,SIZE,URL"
BMW,https://encrypted-tbn0.gstatic.com/images?q=tbn:ANd9GcRNaE16TRF6CFcbbMxRArBXcu4dgsy5tioSHQ&s
BMW,https://encrypted-tbn0.gstatic.com/images?q=tbn:ANd9GcTkkJFc3MTDbmuAktvT5xmTg3q1s5uT1Gj-YBoNrXSbjmW8gzT9nmK8&s=0
BMW,https://encrypted-tbn0.gstatic.com/images?q=tbn:ANd9GcTsvHJunS9pNPkY3seY14lttA0dozWQYE11-jQ0Ksk3nisTpcKRJ1P9&s=0
BMW,https://encrypted-tbn0.gstatic.com/images?q=tbn:ANd9GcRGCbWljR4p663ZM2IornQLcIb42inXcwa2AolM3WjnEb_lvfrwXCDh&s=0
BMW,https://encrypted-tbn0.gstatic.com/images?q=tbn:ANd9GcT518Dub10MuVikTkKzJy103dI0HOYK7x4Onw&s
BMW,"https://encrypted-tbn3.gstatic.com/faviconV2?url=https://www.zigwheels.com&client=IMAGE_SEARCH&size=16&type=FAVICON&fallback_opts=TYPE,SIZE,URL"
BMW,https://encrypted-tbn0.gstatic.com/images?q=tbn:ANd9GcR089huZ-Qyis7XiTyZcmpe8yKz4u6ymdGGMg&s
BMW,"https://encrypted-tbn1.gstatic.com/faviconV2?url=https://www.bmw-special-sales.com&client=IMAGE_SEARCH&size=16&type=FAVICON&fallback_opts=TYPE,SIZE,URL"
BMW,https://encrypted-tbn0.gstatic.com/images?q=tbn:ANd9GcTBb9nJ-e0E7rv7G4diUs6hgW9PnyiWx8JINg&s
BMW,"https://encrypted-tbn1.gstatic.com/faviconV2?url=https://www.motorsport.com&client=IMAGE_SEARCH&size=16&type=FAVICON&fallback_opts=TYPE,SIZE,URL"
BMW,https://encrypted-tbn0.gstatic.com/images?q=tbn:ANd9GcRv54LykWsF-oEohqRwUGXvkbOwiq7EAujHlg&s
BMW,"https://encrypted-tbn1.gstatic.com/faviconV2?url=https://www.bmw.in&client=IMAGE_SEARCH&size=16&type=FAVICON&fallback_opts=TYPE,SIZE,URL"
BMW,https://encrypted-tbn0.gstatic.com/images?q=tbn:ANd9GcRXNgDevjDBX83WPDIGvpf0Jn-rZ9Xc9OvVoA&s
BMW,"https://encrypted-tbn0.gstatic.com/faviconV2?url=https://www.bmw-iraq.com&client=IMAGE_SEARCH&size=16&type=FAVICON&fallback_opts=TYPE,SIZE,URL"
BMW,https://encrypted-tbn0.gstatic.com/images?q=tbn:ANd9GcRJF6z_ZYod3SD4l4avarY0HsEZ-nMuegvqDw&s
BMW,"https://encrypted-tbn3.gstatic.com/faviconV2?url=https://cars.usnews.com&client=IMAGE_SEARCH&size=16&type=FAVICON&fallback_opts=TYPE,SIZE,URL"
BMW,https://encrypted-tbn0.gstatic.com/images?q=tbn:ANd9GcQatU_2395W7YoqqExIKq6jiYZO4U7i3LC-xw&s
BMW,"https://encrypted-tbn1.gstatic.com/faviconV2?url=https://www.instagram.com&client=IMAGE_SEARCH&size=16&type=FAVICON&fallback_opts=TYPE,SIZE,URL"
BMW,https://encrypted-tbn0.gstatic.com/images?q=tbn:ANd9GcRSzK9o4wUpAqzOE1TKAZN6DBC6t7sUtI0IEg&s
BMW,https://encrypted-tbn0.gstatic.com/images?q=tbn:ANd9GcRIYMe_iPa4KMNd-oEjyjQYDWe1S9f6mFEyEA&s
BMW,https://encrypted-tbn0.gstatic.com/images?q=tbn:ANd9GcQDLviTxvnaPwpaKj94TLG0kHuW4EYiV8_Y6w&s
BMW,https://encrypted-tbn0.gstatic.com/images?q=tbn:ANd9GcRJJ6vo-OgsKN1kIcnUCoZ1zxWdZq-nPuV9qw&s
BMW,"https://encrypted-tbn2.gstatic.com/faviconV2?url=https://www.classic-trader.com&client=IMAGE_SEARCH&size=16&type=FAVICON&fallback_opts=TYPE,SIZE,URL"
BMW,https://encrypted-tbn0.gstatic.com/images?q=tbn:ANd9GcQyLx8wdczonXku7Gtlalhv8xFKZcXzgE9y7Q&s
BMW,https://encrypted-tbn0.gstatic.com/images?q=tbn:ANd9GcTrAXas_9W92jTD_2MZlQzxOTCoyFnWCdSLVA&s
BMW,"https://encrypted-tbn2.gstatic.com/faviconV2?url=https://www.evo.co.uk&client=IMAGE_SEARCH&size=16&type=FAVICON&fallback_opts=TYPE,SIZE,URL"
BMW,https://encrypted-tbn0.gstatic.com/images?q=tbn:ANd9GcRHPSLBXslRSLyzhOBGwBJevFQYsdpFLJwB6A&s
BMW,"https://encrypted-tbn0.gstatic.com/faviconV2?url=https://www.spinny.com&client=IMAGE_SEARCH&size=16&type=FAVICON&fallback_opts=TYPE,SIZE,URL"
BMW,https://encrypted-tbn0.gstatic.com/images?q=tbn:ANd9GcTmi4w7eLWCYWnvN9LH6VIU3NUvFArs78WoRw&s
BMW,"https://encrypted-tbn2.gstatic.com/faviconV2?url=https://www.dicklovett.co.uk&client=IMAGE_SEARCH&size=16&type=FAVICON&fallback_opts=TYPE,SIZE,URL"
BMW,https://encrypted-tbn0.gstatic.com/images?q=tbn:ANd9GcTTxoBouITru_TEHW8YcFytLUaELOfFfi5hSw&s
BMW,"https://encrypted-tbn2.gstatic.com/faviconV2?url=https://al-ain.com&client=IMAGE_SEARCH&size=16&type=FAVICON&fallback_opts=TYPE,SIZE,URL"
BMW,https://encrypted-tbn0.gstatic.com/images?q=tbn:ANd9GcQR2DnEttyt29obSo_Z5dgtMd-rb5CuGvXY6w&s
BMW,https://encrypted-tbn0.gstatic.com/images?q=tbn:ANd9GcR-LDcslQsr_4hmnyJOA4Kr8Iu3c7pgwoFRUw&s
BMW,"https://encrypted-tbn2.gstatic.com/faviconV2?url=https://www.facebook.com&client=IMAGE_SEARCH&size=16&type=FAVICON&fallback_opts=TYPE,SIZE,URL"
BMW,https://encrypted-tbn0.gstatic.com/images?q=tbn:ANd9GcTEok1oomNw2ys9vrNOYFNfwKiyLu4-wrJNUw&s
BMW,"https://encrypted-tbn2.gstatic.com/faviconV2?url=https://www.bmw-pakistan.com&client=IMAGE_SEARCH&size=16&type=FAVICON&fallback_opts=TYPE,SIZE,URL"
BMW,https://encrypted-tbn0.gstatic.com/images?q=tbn:ANd9GcRJ0ZfSHWbZsJvMMjFKfwKq2WKwGBg4SekcyA&s
BMW,"https://encrypted-tbn2.gstatic.com/faviconV2?url=https://www.stratstone.com&client=IMAGE_SEARCH&size=16&type=FAVICON&fallback_opts=TYPE,SIZE,URL"
BMW,https://encrypted-tbn0.gstatic.com/images?q=tbn:ANd9GcSjFPuA7rZ4QZcMi_0VKoDieMeoY4c9GB3Xfg&s
BMW,"https://encrypted-tbn3.gstatic.com/faviconV2?url=https://www.cartecgroup.eu&client=IMAGE_SEARCH&size=16&type=FAVICON&fallback_opts=TYPE,SIZE,URL"
BMW,https://encrypted-tbn0.gstatic.com/images?q=tbn:ANd9GcS_tFREvWkFRt-Gk4OmK3-Bh2SDf4s-JtyU1Q&s
BMW,https://encrypted-tbn0.gstatic.com/images?q=tbn:ANd9GcTUfH81ARR4GSMCcALpIaHrKCuwl8EX2k1kfQ&s
BMW,"https://encrypted-tbn1.gstatic.com/faviconV2?url=https://www.sewickleybmw.com&client=IMAGE_SEARCH&size=16&type=FAVICON&fallback_opts=TYPE,SIZE,URL"
BMW,https://encrypted-tbn0.gstatic.com/images?q=tbn:ANd9GcRWihKWV8nqKS5gm89XoWwmGuzyFPxUVQtw1w&s
BMW,https://encrypted-tbn0.gstatic.com/images?q=tbn:ANd9GcRL6BkK1z3mcwVnAs8JJq_gU55SJOgeLSJGTq5fMg-ZNb3u8zLZzqKL&s=0
BMW,https://encrypted-tbn0.gstatic.com/images?q=tbn:ANd9GcS82n1VmcO2icQmYxv0aRFR6dTR7YFLQ4PSj5PaSLQTnkWljJHiT3v8&s=0
BMW,https://encrypted-tbn0.gstatic.com/images?q=tbn:ANd9GcREawZOJXnm8hpqAFia-dg4IFY0dQY1oCpUJQ&s
BMW,"https://encrypted-tbn2.gstatic.com/faviconV2?url=https://octane.rent&client=IMAGE_SEARCH&size=16&type=FAVICON&fallback_opts=TYPE,SIZE,URL"
BMW,https://encrypted-tbn0.gstatic.com/images?q=tbn:ANd9GcT5HVWhJgyMz32Bdl-1RTdNQjTUOYpov51DsQ&s
BMW,https://encrypted-tbn0.gstatic.com/images?q=tbn:ANd9GcSJl3dMLO1NPSyiA1rJUI2o3KxZKdnTjBbMCg&s
BMW,"https://encrypted-tbn1.gstatic.com/faviconV2?url=https://www.bmwlaval.com&client=IMAGE_SEARCH&size=16&type=FAVICON&fallback_opts=TYPE,SIZE,URL"
BMW,https://encrypted-tbn0.gstatic.com/images?q=tbn:ANd9GcRHEFDdhNQdObDP4uUAceTDXqiZkSD3WpIhPw&s
BMW,https://encrypted-tbn0.gstatic.com/images?q=tbn:ANd9GcSMpBgLWlObo5LVxJ2dMYEvLkH5vrfFw9bsKA&s
BMW,https://encrypted-tbn0.gstatic.com/images?q=tbn:ANd9GcSh6PZa0laPXo7FBT1WC4szjSFaRTkPirEZBg&s
BMW,"https://encrypted-tbn1.gstatic.com/faviconV2?url=https://www.budgetsaudi.com&client=IMAGE_SEARCH&size=16&type=FAVICON&fallback_opts=TYPE,SIZE,URL"
BMW,https://encrypted-tbn0.gstatic.com/images?q=tbn:ANd9GcS0kpWBCDnpYIHrGcbfXUksp76pltH9VgO7iA&s
BMW,https://encrypted-tbn0.gstatic.com/images?q=tbn:ANd9GcRsoatEvUYBNNNKgFlCzpR1SRQKkh4T0K2NXw&s
BMW,https://encrypted-tbn0.gstatic.com/images?q=tbn:ANd9GcQOLxnqQQ_rW2wnycSwumdX62JAYq8VY5tXnA&s
BMW,https://encrypted-tbn0.gstatic.com/images?q=tbn:ANd9GcSM0Lu2iJCrIIGoY01QsHZXZVwoa95MnAYVRA&s
BMW,"https://encrypted-tbn1.gstatic.com/faviconV2?url=https://ksa.yallamotor.com&client=IMAGE_SEARCH&size=16&type=FAVICON&fallback_opts=TYPE,SIZE,URL"
BMW,https://encrypted-tbn0.gstatic.com/images?q=tbn:ANd9GcSYozNtxOk2OTIfC7pjTtJ6liqOQS7mK24UhA&s
BMW,https://encrypted-tbn0.gstatic.com/images?q=tbn:ANd9GcRnqb_4TX7iRIVRduCNGp_jjZH-FAkzpkPvwQ&s
BMW,https://encrypted-tbn0.gstatic.com/images?q=tbn:ANd9GcQ4CxBHHcTZITv9_eq-awhgvFwtW3CBRKiSgw&s
BMW,https://encrypted-tbn0.gstatic.com/images?q=tbn:ANd9GcS2_0vU5CvAzW-ntNFfBgoL1AuaLrXxBJVTrg&s
BMW,"https://encrypted-tbn2.gstatic.com/faviconV2?url=https://www.erclassics.ae&client=IMAGE_SEARCH&size=16&type=FAVICON&fallback_opts=TYPE,SIZE,URL"
BMW,https://encrypted-tbn0.gstatic.com/images?q=tbn:ANd9GcQ3C5qh0KTPvODkx8tRsmCf9LDCpg1CZ9hY2A&s
BMW,"https://encrypted-tbn2.gstatic.com/faviconV2?url=https://www.telegraph.co.uk&client=IMAGE_SEARCH&size=16&type=FAVICON&fallback_opts=TYPE,SIZE,URL"
BMW,https://encrypted-tbn0.gstatic.com/images?q=tbn:ANd9GcSWqM46RRRJjJgip2kkXysc06u_xsvrl4JjTw&s
BMW,"https://encrypted-tbn1.gstatic.com/faviconV2?url=https://www.bmwofmeridian.com&client=IMAGE_SEARCH&size=16&type=FAVICON&fallback_opts=TYPE,SIZE,URL"
BMW,https://encrypted-tbn0.gstatic.com/images?q=tbn:ANd9GcS_1e1Lr9kN0-4aHP9Uo1n67nvDRDl5lwpllQ&s
BMW,"https://encrypted-tbn2.gstatic.com/faviconV2?url=https://www.autobip.com&client=IMAGE_SEARCH&size=16&type=FAVICON&fallback_opts=TYPE,SIZE,URL"
BMW,https://encrypted-tbn0.gstatic.com/images?q=tbn:ANd9GcQLwAu5r7SYnshzchhxDtHnezptFnB8_wRNsQ&s
BMW,https://encrypted-tbn0.gstatic.com/images?q=tbn:ANd9GcS6_-Qba6WIMGZ_HXi0tu3dHgswiw-z2G4Bbw&s
BMW,"https://encrypted-tbn0.gstatic.com/faviconV2?url=https://arstechnica.com&client=IMAGE_SEARCH&size=16&type=FAVICON&fallback_opts=TYPE,SIZE,URL"
BMW,https://encrypted-tbn0.gstatic.com/images?q=tbn:ANd9GcS20R-7OJImoqbbK8DbZYTISHUgE_oHejqfqA&s
BMW,https://encrypted-tbn0.gstatic.com/images?q=tbn:ANd9GcRQvtRGBpGcyQpF7O1SEjzNDU2vGNmnPStd0Q&s
BMW,"https://encrypted-tbn2.gstatic.com/faviconV2?url=https://www.bmwgroup.com&client=IMAGE_SEARCH&size=16&type=FAVICON&fallback_opts=TYPE,SIZE,URL"
BMW,https://encrypted-tbn0.gstatic.com/images?q=tbn:ANd9GcR71oPeveZIYjxC7YL8g6bkQ7rabSukL_gX3g&s
BMW,"https://encrypted-tbn0.gstatic.com/faviconV2?url=https://m.eyeofriyadh.com&client=IMAGE_SEARCH&size=16&type=FAVICON&fallback_opts=TYPE,SIZE,URL"
BMW,https://encrypted-tbn0.gstatic.com/images?q=tbn:ANd9GcQeS9W7oMw5-zTX8z2WfQqb3DoNNaXc5LbpeQ&s
BMW,"https://encrypted-tbn3.gstatic.com/faviconV2?url=https://www.gettyimages.in&client=IMAGE_SEARCH&size=16&type=FAVICON&fallback_opts=TYPE,SIZE,URL"
BMW,https://encrypted-tbn0.gstatic.com/images?q=tbn:ANd9GcSsJWxhCx2LqQ8wRLgyDuMAUmAWHo8ziy4LLQ&s
BMW,https://encrypted-tbn0.gstatic.com/images?q=tbn:ANd9GcR_83ba0q6-yHR-Qe3JAVC_4h7svI7pWRgJKm4LyVtYTM0Sk1-p5ZOg&s=0
BMW,https://encrypted-tbn0.gstatic.com/images?q=tbn:ANd9GcQF9MbeuMm3z7JG4qbcQVz2d5GQe54VowZoiJcajQxAbyGQ0HQi_SuO&s=0
BMW,https://encrypted-tbn0.gstatic.com/images?q=tbn:ANd9GcTBdbAFSYcqQ8whOSk7KLdY9hUIyaxWz9ROvNFUCrWFyOGHnssD1zYP&s=0
BMW,https://encrypted-tbn0.gstatic.com/images?q=tbn:ANd9GcQPWvvF7QwfnNpD05uuGO_Sb44y0BvbLUu4Sg&s
BMW,"https://encrypted-tbn2.gstatic.com/faviconV2?url=https://www.bmw-kunexclusive-chennai.in&client=IMAGE_SEARCH&size=16&type=FAVICON&fallback_opts=TYPE,SIZE,URL"
BMW,https://encrypted-tbn0.gstatic.com/images?q=tbn:ANd9GcQxcjtOHZzArCzxGUqC_I5ksbF-1jJe69xYjQ&s
BMW,https://encrypted-tbn0.gstatic.com/images?q=tbn:ANd9GcTnI848xy_l5aqA--ZwzLa3qOvT2CC1rnoVgQ&s
BMW,https://encrypted-tbn0.gstatic.com/images?q=tbn:ANd9GcTGzV7kZT5xIiadD5DhoIxWa9WV4MeMaUFg8w&s
BMW,"https://encrypted-tbn0.gstatic.com/faviconV2?url=https://newcars.changecars.co.za&client=IMAGE_SEARCH&size=16&type=FAVICON&fallback_opts=TYPE,SIZE,URL"
BMW,https://encrypted-tbn0.gstatic.com/images?q=tbn:ANd9GcToTtUjczbSsw2lI-gmjR6BxYtqms7jlRpcZw&s
BMW,"https://encrypted-tbn1.gstatic.com/faviconV2?url=https://anastoy.com&client=IMAGE_SEARCH&size=16&type=FAVICON&fallback_opts=TYPE,SIZE,URL"
BMW,https://encrypted-tbn0.gstatic.com/images?q=tbn:ANd9GcQzcLN69zvoJS1itDfpaLE_kda5cEde_DiSKA&s
BMW,https://encrypted-tbn0.gstatic.com/images?q=tbn:ANd9GcQQoD6jiJDjSGZSzcco6cq4v23i_asQ22Araw&s
BMW,"https://encrypted-tbn1.gstatic.com/faviconV2?url=https://www.bikewale.com&client=IMAGE_SEARCH&size=16&type=FAVICON&fallback_opts=TYPE,SIZE,URL"
BMW,https://encrypted-tbn0.gstatic.com/images?q=tbn:ANd9GcRf96laFDQZv_KIVGYsdzlnkDKQFsi_Uo4WQw&s
BMW,"https://encrypted-tbn1.gstatic.com/faviconV2?url=https://www.carandbike.com&client=IMAGE_SEARCH&size=16&type=FAVICON&fallback_opts=TYPE,SIZE,URL"
BMW,https://encrypted-tbn0.gstatic.com/images?q=tbn:ANd9GcQDdvz4kBbK4L3zaP7E7LKAzOnjJBMeQH61bw&s
BMW,"https://encrypted-tbn3.gstatic.com/faviconV2?url=https://www.bmw.com.my&client=IMAGE_SEARCH&size=16&type=FAVICON&fallback_opts=TYPE,SIZE,URL"
BMW,https://encrypted-tbn0.gstatic.com/images?q=tbn:ANd9GcRxxJ5MVr9laIp_Jjbf2yDogqLEnvXNR_jh4w&s
BMW,"https://encrypted-tbn0.gstatic.com/faviconV2?url=https://www.tombushbmw.com&client=IMAGE_SEARCH&size=16&type=FAVICON&fallback_opts=TYPE,SIZE,URL"
BMW,https://encrypted-tbn0.gstatic.com/images?q=tbn:ANd9GcTUPqIVQlx273ovdoUsGhGrYBJ6-0FwDVa0KA&s
BMW,"https://encrypted-tbn1.gstatic.com/faviconV2?url=https://saudiauto.com.sa&client=IMAGE_SEARCH&size=16&type=FAVICON&fallback_opts=TYPE,SIZE,URL"
BMW,https://encrypted-tbn0.gstatic.com/images?q=tbn:ANd9GcQcKzcoCfHHqImtN3dKpJ10-iGtNtQATe4sZw&s
BMW,"https://encrypted-tbn0.gstatic.com/faviconV2?url=https://www.bmwgroup-classic.com&client=IMAGE_SEARCH&size=16&type=FAVICON&fallback_opts=TYPE,SIZE,URL"
BMW,https://encrypted-tbn0.gstatic.com/images?q=tbn:ANd9GcQPu5BGGyhchOYMMdJYsmROijI6elWfhfEuPQ&s
BMW,"https://encrypted-tbn3.gstatic.com/faviconV2?url=https://carworld-sa.com&client=IMAGE_SEARCH&size=16&type=FAVICON&fallback_opts=TYPE,SIZE,URL"
BMW,https://encrypted-tbn0.gstatic.com/images?q=tbn:ANd9GcToeaqVC3mFbGhNDFLXM5dL1dKNLCqowcCmeA&s
BMW,"https://encrypted-tbn3.gstatic.com/faviconV2?url=https://grandex.de&client=IMAGE_SEARCH&size=16&type=FAVICON&fallback_opts=TYPE,SIZE,URL"
BMW,https://encrypted-tbn0.gstatic.com/images?q=tbn:ANd9GcR-Mx2vYR7R-6xzmSOa_9Yf-cTSM7peLilwhA&s
BMW,"https://encrypted-tbn0.gstatic.com/faviconV2?url=https://www.dubizzle.com&client=IMAGE_SEARCH&size=16&type=FAVICON&fallback_opts=TYPE,SIZE,URL"
BMW,https://encrypted-tbn0.gstatic.com/images?q=tbn:ANd9GcQt0lgtBBwNmTSlR2nKUxETnVTOK58clwvPqA&s
BMW,"https://encrypted-tbn2.gstatic.com/faviconV2?url=https://www.oto.com&client=IMAGE_SEARCH&size=16&type=FAVICON&fallback_opts=TYPE,SIZE,URL"
BMW,https://encrypted-tbn0.gstatic.com/images?q=tbn:ANd9GcRzrIH-XIzuiNpBCaQFYko3AW-yG7sAabZYNQ&s
BMW,"https://encrypted-tbn1.gstatic.com/faviconV2?url=https://www.icartea.com&client=IMAGE_SEARCH&size=16&type=FAVICON&fallback_opts=TYPE,SIZE,URL"
BMW,https://encrypted-tbn0.gstatic.com/images?q=tbn:ANd9GcSpXi7yRZiWLhtoEEba8NBCx0pwj9p90aArag&s
BMW,"https://encrypted-tbn0.gstatic.com/faviconV2?url=https://ksa.motory.com&client=IMAGE_SEARCH&size=16&type=FAVICON&fallback_opts=TYPE,SIZE,URL"
BMW,https://encrypted-tbn0.gstatic.com/images?q=tbn:ANd9GcQDtMhmuBFe_xnMW-azUbjl4M4gcHLri6gtww&s
BMW,https://encrypted-tbn0.gstatic.com/images?q=tbn:ANd9GcTTRtQHQynA6LS3C4F6SvPhVpiwaUiH_ek1Dw&s
BMW,https://encrypted-tbn0.gstatic.com/images?q=tbn:ANd9GcRZKKGACIvsc42wTbKKtxH-_wcHpe2Zs36Vcg&s
BMW,"https://encrypted-tbn1.gstatic.com/faviconV2?url=https://www.autocarindia.com&client=IMAGE_SEARCH&size=16&type=FAVICON&fallback_opts=TYPE,SIZE,URL"
BMW,https://encrypted-tbn0.gstatic.com/images?q=tbn:ANd9GcRA-e13Hlh_tnXQlMWry3ADM_mRGeBXsipx4Q&s
BMW,https://encrypted-tbn0.gstatic.com/images?q=tbn:ANd9GcQuR4evqlmVE4OrnOL3nhPqnFL-GMb1OaP07Q&s
BMW,"https://encrypted-tbn0.gstatic.com/faviconV2?url=https://www.tiktok.com&client=IMAGE_SEARCH&size=16&type=FAVICON&fallback_opts=TYPE,SIZE,URL"
BMW,https://encrypted-tbn0.gstatic.com/images?q=tbn:ANd9GcROlPC6LnWLr8kDRSitDFXER3d0QOA_5iFGmg&s
BMW,https://encrypted-tbn0.gstatic.com/images?q=tbn:ANd9GcQMtuYJL3ke70C_DqRvHM3J_JG59-T7rCsicQ&s
BMW,https://encrypted-tbn0.gstatic.com/images?q=tbn:ANd9GcQ4EubSf4Rqz79xPMf5RfyH81bsXUgVGXs1Mg&s
BMW,"https://encrypted-tbn3.gstatic.com/faviconV2?url=https://gulfbmw.com&client=IMAGE_SEARCH&size=16&type=FAVICON&fallback_opts=TYPE,SIZE,URL"
BMW,https://encrypted-tbn0.gstatic.com/images?q=tbn:ANd9GcTe7qtL7yQWy1UFsp1hME2lj_HDhG3e0hr0Qw&s
BMW,https://encrypted-tbn0.gstatic.com/images?q=tbn:ANd9GcRYNCBWaPOuBu8-_jFs3lLFhdBi4N_2Mgum5Q&s
BMW,https://encrypted-tbn0.gstatic.com/images?q=tbn:ANd9GcRuyXYTE3D-kiFriPeeoOWi14D1O5Ljseso1g&s
BMW,https://encrypted-tbn0.gstatic.com/images?q=tbn:ANd9GcSvYjbGqNzP3-MInzfFsdxAcN8TFRQbG6f-gw&s
BMW,"https://encrypted-tbn1.gstatic.com/faviconV2?url=https://en.wikipedia.org&client=IMAGE_SEARCH&size=16&type=FAVICON&fallback_opts=TYPE,SIZE,URL"
BMW,https://encrypted-tbn0.gstatic.com/images?q=tbn:ANd9GcTWkwEc-wW17wQQaf8dXtCz-fkP97VlAB6dAQ&s
BMW,https://encrypted-tbn0.gstatic.com/images?q=tbn:ANd9GcQHcVdlwuteglIlwD5HEEU6AsbAHPULF51oZA&s
BMW,"https://encrypted-tbn2.gstatic.com/faviconV2?url=https://www.bmwusedcars.in&client=IMAGE_SEARCH&size=16&type=FAVICON&fallback_opts=TYPE,SIZE,URL"
BMW,https://encrypted-tbn0.gstatic.com/images?q=tbn:ANd9GcRZ7ZAZxauLOVYULOoOSuzX1kAQIOiR_iGKQQ&s
BMW,https://encrypted-tbn0.gstatic.com/images?q=tbn:ANd9GcT6NeKMmTjH1oF1-RJE08ghxJi0OO1Elx11Uw&s
BMW,https://encrypted-tbn0.gstatic.com/images?q=tbn:ANd9GcQH-m27S-G6Za9CDsQ6eRg2TmNOQByamE9fDg&s
BMW,https://encrypted-tbn0.gstatic.com/images?q=tbn:ANd9GcRW1naiajRsbvrFp-oMenI1BVE-967S_-fL1g&s
BMW,https://encrypted-tbn0.gstatic.com/images?q=tbn:ANd9GcQEM3llMOhbj79Os2YBKICaI04b5ZMMQrapvQ&s
BMW,https://encrypted-tbn0.gstatic.com/images?q=tbn:ANd9GcTYH4PJKiP6PTNd1dBvI6-JzUXjYSCMRNGPbw&s
BMW,https://encrypted-tbn0.gstatic.com/images?q=tbn:ANd9GcRGkTj7umd4YdNIrqVloThTa4fl9DdDt7JVKg&s
BMW,"https://encrypted-tbn1.gstatic.com/faviconV2?url=https://commons.wikimedia.org&client=IMAGE_SEARCH&size=16&type=FAVICON&fallback_opts=TYPE,SIZE,URL"
BMW,https://encrypted-tbn0.gstatic.com/images?q=tbn:ANd9GcTgwWcWut8NAxUC2MqJBqwP95ZO9I-b3jw-5w&s
BMW,"https://encrypted-tbn0.gstatic.com/faviconV2?url=https://www.youm7.com&client=IMAGE_SEARCH&size=16&type=FAVICON&fallback_opts=TYPE,SIZE,URL"
BMW,https://encrypted-tbn0.gstatic.com/images?q=tbn:ANd9GcQ5yRpK62-k28WOOrOmGSaocQoiMTftO1EgVQ&s
BMW,"https://encrypted-tbn1.gstatic.com/faviconV2?url=https://www.zigwheels.my&client=IMAGE_SEARCH&size=16&type=FAVICON&fallback_opts=TYPE,SIZE,URL"
BMW,https://encrypted-tbn0.gstatic.com/images?q=tbn:ANd9GcTCnrxdA37-4VPzZ5mC5fn-dwEH7EHk3Zyx1A&s
BMW,https://encrypted-tbn0.gstatic.com/images?q=tbn:ANd9GcQD4UOVZC70oYny_Y2D24-mxNAhogUh4KAWoA&s
BMW,"https://encrypted-tbn1.gstatic.com/faviconV2?url=https://www.erembusiness.com&client=IMAGE_SEARCH&size=16&type=FAVICON&fallback_opts=TYPE,SIZE,URL"
BMW,https://encrypted-tbn0.gstatic.com/images?q=tbn:ANd9GcR8pw0OnvFSzU_E-ArWCXKHZq3oejCfajy_jQ&s
BMW,"https://encrypted-tbn3.gstatic.com/faviconV2?url=https://www.pml-bmw.com.sg&client=IMAGE_SEARCH&size=16&type=FAVICON&fallback_opts=TYPE,SIZE,URL"
BMW,https://encrypted-tbn0.gstatic.com/images?q=tbn:ANd9GcRTqYrCao856kddHi-667K-mB9E_dqvBS3NRA&s
BMW,https://encrypted-tbn0.gstatic.com/images?q=tbn:ANd9GcR5bFJks8JCgnqTsoySxMy6H1sIVaXzZBj95w&s
BMW,"https://encrypted-tbn3.gstatic.com/faviconV2?url=https://www.motor1.com&client=IMAGE_SEARCH&size=16&type=FAVICON&fallback_opts=TYPE,SIZE,URL"
BMW,https://encrypted-tbn0.gstatic.com/images?q=tbn:ANd9GcS5twXDXgVltehnPcfVbtwv5u6TpZc18-m4XQ&s
BMW,"https://encrypted-tbn2.gstatic.com/faviconV2?url=https://www.istockphoto.com&client=IMAGE_SEARCH&size=16&type=FAVICON&fallback_opts=TYPE,SIZE,URL"
BMW,https://encrypted-tbn0.gstatic.com/images?q=tbn:ANd9GcR09bB9JPrKYTzxHnL6Vfz_rWIMBlOuYSJIbQ&s
BMW,"https://encrypted-tbn0.gstatic.com/faviconV2?url=https://aboutmsr.com&client=IMAGE_SEARCH&size=16&type=FAVICON&fallback_opts=TYPE,SIZE,URL"
BMW,https://encrypted-tbn0.gstatic.com/images?q=tbn:ANd9GcT6kqu9Lqjta3_zwRipihPoF5u2ZQjp1rv0yg&s
BMW,"https://encrypted-tbn1.gstatic.com/faviconV2?url=https://www.motortrend.com&client=IMAGE_SEARCH&size=16&type=FAVICON&fallback_opts=TYPE,SIZE,URL"
BMW,https://encrypted-tbn0.gstatic.com/images?q=tbn:ANd9GcTV-11f4T4UB5533-YLCVzKRDAgb-VE89VsKA&s
BMW,"https://encrypted-tbn2.gstatic.com/faviconV2?url=https://www.cnn.com&client=IMAGE_SEARCH&size=16&type=FAVICON&fallback_opts=TYPE,SIZE,URL"
BMW,https://encrypted-tbn0.gstatic.com/images?q=tbn:ANd9GcQBxRLwmFxorTNekb8SzwDF6nHb-fq8A-8zdg&s
BMW,https://encrypted-tbn0.gstatic.com/images?q=tbn:ANd9GcSEjc39jPZfPQ8pJexdH4AlXiM6W91JUTqCHw&s
BMW,"https://encrypted-tbn1.gstatic.com/faviconV2?url=https://www.q8car.com&client=IMAGE_SEARCH&size=16&type=FAVICON&fallback_opts=TYPE,SIZE,URL"
BMW,https://encrypted-tbn0.gstatic.com/images?q=tbn:ANd9GcTLccIQIyMQJ47wqo-BFpEDsWRhvsfg3B09qg&s
BMW,https://encrypted-tbn0.gstatic.com/images?q=tbn:ANd9GcSJpvGiOdwI80V7gDFDORQkU56BKv7IBnwv8w&s
BMW,https://encrypted-tbn0.gstatic.com/images?q=tbn:ANd9GcRw2Is6SLsxUy8X3jY0K1UCM-FUvhh1pFefOQ&s
BMW,https://encrypted-tbn0.gstatic.com/images?q=tbn:ANd9GcTB3pz1cmh9CsB8uTT896mthwzxbjH3hgxWNA&s
BMW,"https://encrypted-tbn2.gstatic.com/faviconV2?url=https://www.autodeal.com.ph&client=IMAGE_SEARCH&size=16&type=FAVICON&fallback_opts=TYPE,SIZE,URL"
BMW,https://encrypted-tbn0.gstatic.com/images?q=tbn:ANd9GcR6AmMz6RlYFVRodiCqw52S3QwIaMRkHOjnKg&s
BMW,https://encrypted-tbn0.gstatic.com/images?q=tbn:ANd9GcRE_cFExLWJxNrgIhI6rvnXPym7u8_GYIY5gQ&s
BMW,https://encrypted-tbn0.gstatic.com/images?q=tbn:ANd9GcQlGhHx2cP5YQq1qk-QPnHD8LTJhCsY8eaBpg&s
BMW,https://encrypted-tbn0.gstatic.com/images?q=tbn:ANd9GcS1ynsruESeuv1MTR0uiPOK3Etdx16Zj8M-Nw&s
BMW,https://encrypted-tbn0.gstatic.com/images?q=tbn:ANd9GcQe0LsE2ngi1k6zwId1N0nrEJ3Ovtb6ve2LuA&s
BMW,https://encrypted-tbn0.gstatic.com/images?q=tbn:ANd9GcSrIlaJRacr-2VTtGQ5115Eh3uwGob5cwZZyw&s
BMW,https://encrypted-tbn0.gstatic.com/images?q=tbn:ANd9GcTToHdZLg7Jx0lQe1yB_Ezk2TUzrL5Pp9pcDg&s
BMW,https://encrypted-tbn0.gstatic.com/images?q=tbn:ANd9GcRAXqRrKd59aL0BvSlNvgkxhoIij0d-uyWcJA&s
BMW,https://encrypted-tbn0.gstatic.com/images?q=tbn:ANd9GcTUt1TVFEI-ImTDHQm9ZErm9QcpTKee-VNOtw&s
BMW,https://encrypted-tbn0.gstatic.com/images?q=tbn:ANd9GcQLPVJQVWwZla0Lj-LPctlMyiLsIUupfDQ4hQ&s
BMW,"https://encrypted-tbn2.gstatic.com/faviconV2?url=https://auto.hindustantimes.com&client=IMAGE_SEARCH&size=16&type=FAVICON&fallback_opts=TYPE,SIZE,URL"
BMW,https://encrypted-tbn0.gstatic.com/images?q=tbn:ANd9GcSYVuCb_46IZ1-t3T9mqIlsgYi0n-QdqtH8_A&s
BMW,"https://encrypted-tbn0.gstatic.com/faviconV2?url=https://www.bmw-georgia.com&client=IMAGE_SEARCH&size=16&type=FAVICON&fallback_opts=TYPE,SIZE,URL"
BMW,https://encrypted-tbn0.gstatic.com/images?q=tbn:ANd9GcTTqLnRFcl4RZo60n9PjpDp4Wu9rgDCfdm-qg&s
BMW,"https://encrypted-tbn1.gstatic.com/faviconV2?url=https://www.livemint.com&client=IMAGE_SEARCH&size=16&type=FAVICON&fallback_opts=TYPE,SIZE,URL"
BMW,https://encrypted-tbn0.gstatic.com/images?q=tbn:ANd9GcRb7XvP1qf1G6CHjS6zGsxNtgrjc-zJAs4ygw&s
BMW,https://encrypted-tbn0.gstatic.com/images?q=tbn:ANd9GcQoE5_w-VuOKWtlS9i1xM_NUPbZV__Usy8rLg&s
BMW,"https://encrypted-tbn3.gstatic.com/faviconV2?url=https://www.bmw.mu&client=IMAGE_SEARCH&size=16&type=FAVICON&fallback_opts=TYPE,SIZE,URL"
BMW,https://encrypted-tbn0.gstatic.com/images?q=tbn:ANd9GcShu8HME1ASxFx4TnJHLC63A0IVcAm73LMGWA&s
BMW,https://encrypted-tbn0.gstatic.com/images?q=tbn:ANd9GcTLj6gNYMs6aIeXnc8z_PzCjEw7Hu8Ymu8zlQ&s
BMW,"https://encrypted-tbn1.gstatic.com/faviconV2?url=https://www.brykizameryki.pl&client=IMAGE_SEARCH&size=16&type=FAVICON&fallback_opts=TYPE,SIZE,URL"
BMW,https://encrypted-tbn0.gstatic.com/images?q=tbn:ANd9GcSFxvavM69ZHOezuLSRkTE-1qDugyDFxMI9zw&s
BMW,"https://encrypted-tbn1.gstatic.com/faviconV2?url=https://www.cardekho.com&client=IMAGE_SEARCH&size=16&type=FAVICON&fallback_opts=TYPE,SIZE,URL"
BMW,https://encrypted-tbn0.gstatic.com/images?q=tbn:ANd9GcTtPOdqvExvLhn8-dR8wdirHul5JLwsWLv0uQ&s
BMW,"https://encrypted-tbn0.gstatic.com/faviconV2?url=https://www.egyin.com&client=IMAGE_SEARCH&size=16&type=FAVICON&fallback_opts=TYPE,SIZE,URL"
BMW,https://encrypted-tbn0.gstatic.com/images?q=tbn:ANd9GcTr_mg9FU_jX2_5WBP2qFd1xAHLEXjGoxyFvw&s
BMW,"https://encrypted-tbn2.gstatic.com/faviconV2?url=https://www.cars24.com&client=IMAGE_SEARCH&size=16&type=FAVICON&fallback_opts=TYPE,SIZE,URL"
BMW,https://encrypted-tbn0.gstatic.com/images?q=tbn:ANd9GcT2skvjNXVbRZBJm9E6xYcjUPNrcZ1NV3olTw&s
BMW,"https://encrypted-tbn3.gstatic.com/faviconV2?url=https://www.24h-lemans.com&client=IMAGE_SEARCH&size=16&type=FAVICON&fallback_opts=TYPE,SIZE,URL"
BMW,https://encrypted-tbn0.gstatic.com/images?q=tbn:ANd9GcQuq0TJEsjeIl3Qedr0GCqLVRBVDmyvRjY4dQ&s
BMW,"https://encrypted-tbn3.gstatic.com/faviconV2?url=https://autoline-arabic.com&client=IMAGE_SEARCH&size=16&type=FAVICON&fallback_opts=TYPE,SIZE,URL"
BMW,https://encrypted-tbn0.gstatic.com/images?q=tbn:ANd9GcRl50bPTBBmdCWNRyQfuGXtIll28q8JHoMa4A&s
BMW,https://encrypted-tbn0.gstatic.com/images?q=tbn:ANd9GcRHYj2chvQQvYCvZahlB0t7DR4BWL0skGGCEA&s
BMW,https://encrypted-tbn0.gstatic.com/images?q=tbn:ANd9GcSDpgRJbV5jyGF0ihmXDr35vs31e8Oy9pvJkA&s
BMW,https://encrypted-tbn0.gstatic.com/images?q=tbn:ANd9GcRL_RM7YuhGdvngt61HnpiU0wXU-1ui52Dc8g&s
BMW,https://encrypted-tbn0.gstatic.com/images?q=tbn:ANd9GcSvhBCUyN7WSpcxkSCDRolL5GMFON2PzJgqxw&s
BMW,https://encrypted-tbn0.gstatic.com/images?q=tbn:ANd9GcRnJ9_wQbT3diExdLlhRhLrRbOQ002NBXLGWQ&s
BMW,https://encrypted-tbn0.gstatic.com/images?q=tbn:ANd9GcRY8_wHKE8FppzG3D1JyVQoC1cCL7F9D8LB7Q&s
BMW,https://encrypted-tbn0.gstatic.com/images?q=tbn:ANd9GcTNO6e_HfX8606TdmTWJNMDJviEgLavZ0VJQg&s
BMW,https://encrypted-tbn0.gstatic.com/images?q=tbn:ANd9GcRkMa5nc8TsQv49NV66I15S_E70CIlWUjxLCg&s
BMW,"https://encrypted-tbn3.gstatic.com/faviconV2?url=http://www.kp-press.com&client=IMAGE_SEARCH&size=16&type=FAVICON&fallback_opts=TYPE,SIZE,URL"
BMW,https://encrypted-tbn0.gstatic.com/images?q=tbn:ANd9GcQ2qNOAnK1qrX2NzErhsFFakRi9jbbEuEcpgw&s
BMW,"https://encrypted-tbn2.gstatic.com/faviconV2?url=https://gmz.ae&client=IMAGE_SEARCH&size=16&type=FAVICON&fallback_opts=TYPE,SIZE,URL"
BMW,https://encrypted-tbn0.gstatic.com/images?q=tbn:ANd9GcSvaa_8_NUcZVw-hoduNLkDY347H6z1KpYMvA&s
BMW,https://encrypted-tbn0.gstatic.com/images?q=tbn:ANd9GcRPeZvACkf0FBM2NdFmoe2mXLbT-mKfM_alkQ&s
BMW,https://encrypted-tbn0.gstatic.com/images?q=tbn:ANd9GcSesiRLEo32cAQasd4hwna6l0lrwb9lyHM0Vw&s
BMW,https://encrypted-tbn0.gstatic.com/images?q=tbn:ANd9GcSi9FNPNJUnli5ktZeTLvS4BZKI9EnKmVymbg&s
BMW,https://encrypted-tbn0.gstatic.com/images?q=tbn:ANd9GcRE7iCgJ9Ljm_V9pl-arjLLAyAZJk1MpHY-bg&s
BMW,"https://encrypted-tbn1.gstatic.com/faviconV2?url=https://bmwgroup-classic.com&client=IMAGE_SEARCH&size=16&type=FAVICON&fallback_opts=TYPE,SIZE,URL"
BMW,https://encrypted-tbn0.gstatic.com/images?q=tbn:ANd9GcSaMdvCDcKb1fAWLyEwtrB6XhXiRjHfz0tbGQ&s
BMW,https://encrypted-tbn0.gstatic.com/images?q=tbn:ANd9GcQGXT4Rsyn4LBxGl78Py_inl4X5ztSaM7xr5w&s
BMW,https://encrypted-tbn0.gstatic.com/images?q=tbn:ANd9GcSVQlVsUamNN79WLojwJFdVoZK8utvy0RqfxA&s
BMW,https://encrypted-tbn0.gstatic.com/images?q=tbn:ANd9GcRRk4iraVzUswhlt0J-t-Vw2ihxIimFAzGcrQ&s
BMW,https://encrypted-tbn0.gstatic.com/images?q=tbn:ANd9GcQtcZS3e568Pou2nwW4YBIarSM_CCB_BLkx0g&s
BMW,https://encrypted-tbn0.gstatic.com/images?q=tbn:ANd9GcSlqJY9yT0At9smDs1DhLqzc6lEpQG__kXQjQ&s
BMW,https://encrypted-tbn0.gstatic.com/images?q=tbn:ANd9GcQcY6-LX58AU7pYn5b6PdDXAsM6UDgO9vhOeA&s
BMW,https://encrypted-tbn0.gstatic.com/images?q=tbn:ANd9GcQQCMsvwwgp4qhbHq7DQDu8kL93P5nRO9z2KQ&s
BMW,https://encrypted-tbn0.gstatic.com/images?q=tbn:ANd9GcQKiTw4obKaG7EhGOa2AT6NwXv5tbU8DJXd5Q&s
BMW,https://encrypted-tbn0.gstatic.com/images?q=tbn:ANd9GcSygGap1s4CQDyevtvEjrFWAj2OBK4YAnt7gw&s
BMW,https://encrypted-tbn0.gstatic.com/images?q=tbn:ANd9GcRbUwjdoy3gq5rCFJ7XrvOEo1eORYzbAokl7A&s
BMW,https://encrypted-tbn0.gstatic.com/images?q=tbn:ANd9GcQkbSRKABt9ItJlvz8UcoBorKQlV7PJ_cl4KQ&s
BMW,https://encrypted-tbn0.gstatic.com/images?q=tbn:ANd9GcQ3uqm770SHTqHajUjhZ_jyV8ZzbLtokq-j2w&s
BMW,https://encrypted-tbn0.gstatic.com/images?q=tbn:ANd9GcTTJGmAAid8RbtKG27KEyhBntvMnGapmGXwFQ&s
BMW,"https://encrypted-tbn2.gstatic.com/faviconV2?url=https://gomechanic.in&client=IMAGE_SEARCH&size=16&type=FAVICON&fallback_opts=TYPE,SIZE,URL"
BMW,https://encrypted-tbn0.gstatic.com/images?q=tbn:ANd9GcQ69mgzrl8RqXUXjNz6N0ygCV6x-PGOv6A8eg&s
BMW,https://encrypted-tbn0.gstatic.com/images?q=tbn:ANd9GcSwKASojMwa14oos-5yRk_o-tKZLu6P_LGmsA&s
BMW,https://encrypted-tbn0.gstatic.com/images?q=tbn:ANd9GcQvZg-bnFykptXBc5-CYXnQ3Elo8-ZKtp0EQA&s
BMW,https://encrypted-tbn0.gstatic.com/images?q=tbn:ANd9GcTx48RMLR_woFebnna1uNTDwuZyM_wso0oIuA&s
BMW,https://encrypted-tbn0.gstatic.com/images?q=tbn:ANd9GcTZdtfuHd9D7Jnb9jeoB-_7QrPFlZIh0UTlVQ&s
BMW,https://encrypted-tbn0.gstatic.com/images?q=tbn:ANd9GcS78If5zvIyI7_0MfrrvU_OaR9AEkdzIbJrCw&s
BMW,https://encrypted-tbn0.gstatic.com/images?q=tbn:ANd9GcSmte1P_GiC843EW7H04ECxXS2gLZpdqeqs6Q&s
BMW,https://encrypted-tbn0.gstatic.com/images?q=tbn:ANd9GcQSWKGyw_gFFzV2oaiZDZeVj9JAx3oXJFMwxg&s
BMW,https://encrypted-tbn0.gstatic.com/images?q=tbn:ANd9GcSIKrlCL6cO6fLxUgmjFJW67fLOC_RZHVuDZQ&s
BMW,https://encrypted-tbn0.gstatic.com/images?q=tbn:ANd9GcQ9mrMMOYP8imV86gveagYo4CpbvNfU8H7P3Q&s
BMW,https://encrypted-tbn0.gstatic.com/images?q=tbn:ANd9GcTn3DgRrR4QJFVcbkonO5wGIHoUFuEgD7pbfQ&s
BMW,https://encrypted-tbn0.gstatic.com/images?q=tbn:ANd9GcT1VY28boNekfB6ZNWIo8nXOQB104OXGavjtA&s
BMW,https://encrypted-tbn0.gstatic.com/images?q=tbn:ANd9GcSm4fHjXAasJvEUDG-01AYFnqKvpHXEZc7-Kw&s
BMW,https://encrypted-tbn0.gstatic.com/images?q=tbn:ANd9GcSMci7Vuy1qqSW4tbH7vZNw7Drki4tk0y8EKw&s
BMW,https://encrypted-tbn0.gstatic.com/images?q=tbn:ANd9GcTx9zQhpbsNxVPR9KcFKOyAB7PpUjR1VHlANw&s
BMW,https://encrypted-tbn0.gstatic.com/images?q=tbn:ANd9GcSt3GALHU-nUJGALEl_4T5Q4k2mqGXXh0xJuQ&s
BMW,"https://encrypted-tbn2.gstatic.com/faviconV2?url=https://www.bmw.ie&client=IMAGE_SEARCH&size=16&type=FAVICON&fallback_opts=TYPE,SIZE,URL"
BMW,https://encrypted-tbn0.gstatic.com/images?q=tbn:ANd9GcQ6zIDx8NTXEFWLlbNiPBnwhXKtRA1xC7jvjw&s
BMW,https://encrypted-tbn0.gstatic.com/images?q=tbn:ANd9GcTEg_ic5p1CborT7wR3iOSEDHcbQstuy1Yyjw&s
BMW,https://encrypted-tbn0.gstatic.com/images?q=tbn:ANd9GcQ3FoBM2trU9s2waXa8yvwviVbP278CdcQpCA&s
BMW,https://encrypted-tbn0.gstatic.com/images?q=tbn:ANd9GcSwxLAt-zTfzmRijNvrNccqnI_jGKvNXLAj7Q&s
BMW,https://encrypted-tbn0.gstatic.com/images?q=tbn:ANd9GcQPgxCKuhi3740JQCAgTVRRrv4H2egpxywlmA&s
BMW,https://encrypted-tbn0.gstatic.com/images?q=tbn:ANd9GcRe-bzIYiB__wZ4HXtn5ny4otw0UEAv9zlVUw&s
BMW,https://encrypted-tbn0.gstatic.com/images?q=tbn:ANd9GcQTG34Wf-qfBpkZ7IXR3VDBc6IY1LA1onOnYw&s
BMW,https://encrypted-tbn0.gstatic.com/images?q=tbn:ANd9GcSz2g4dC8assAiJ30-bF7-nYUM6D4kbDLxNnQ&s
BMW,https://encrypted-tbn0.gstatic.com/images?q=tbn:ANd9GcQSGbD22Ec-OCl2oc46nub1ybPm8r0xlleOZA&s
BMW,https://encrypted-tbn0.gstatic.com/images?q=tbn:ANd9GcSHoDOQfT-GkwCA6-lAcY679YGw3yMwgMoDrg&s
BMW,https://encrypted-tbn0.gstatic.com/images?q=tbn:ANd9GcSLSJWTb6-684JW-e_M9Qc097_GNYb2hKKoKg&s
BMW,https://encrypted-tbn0.gstatic.com/images?q=tbn:ANd9GcRtq_GEhIZsbsKSAZMp5PO6rc2ByIQ0zl70ig&s
BMW,https://encrypted-tbn0.gstatic.com/images?q=tbn:ANd9GcTUby82Ms0EIxpslbt4dV0jY0rhuqIr_YaJWQ&s
BMW,https://encrypted-tbn0.gstatic.com/images?q=tbn:ANd9GcRIB_67dQO3JhQ6AynVEnwjaM4QJPBfMGD-hQ&s
BMW,https://encrypted-tbn0.gstatic.com/images?q=tbn:ANd9GcQhZutpA4A20h-MBfIbCVXBEWDgV6MEUxcvkw&s
BMW,"https://encrypted-tbn3.gstatic.com/faviconV2?url=https://www.bmw.co.uk&client=IMAGE_SEARCH&size=16&type=FAVICON&fallback_opts=TYPE,SIZE,URL"
BMW,https://encrypted-tbn0.gstatic.com/images?q=tbn:ANd9GcQXRAoepvifUOkJTa_mnay62GCFvcKJorNfSg&s
BMW,https://encrypted-tbn0.gstatic.com/images?q=tbn:ANd9GcS3w9TJ9Sqp2frmBHIMNZWmaFRa4amnXjFgCQ&s
BMW,https://encrypted-tbn0.gstatic.com/images?q=tbn:ANd9GcRmVA4dJx5sQUnFvmmIWiPblDq00VKK8uH8Sw&s
BMW,https://encrypted-tbn0.gstatic.com/images?q=tbn:ANd9GcSDKNF9E5DXE76bzs8dUKoWPIahDDJG7cbJ4Q&s
BMW,https://encrypted-tbn0.gstatic.com/images?q=tbn:ANd9GcQwM3OOKfF8Qr1E9tCX6uuZHPqZwG7gYE6ymg&s
BMW,https://encrypted-tbn0.gstatic.com/images?q=tbn:ANd9GcQ_HjI4avaXje-GOsWfOGmn3FGFWG2By7lcrA&s
BMW,https://encrypted-tbn0.gstatic.com/images?q=tbn:ANd9GcRTU45UXFvqDVQXPC4EBpk8EEU2HG3ghjlcfw&s
BMW,https://encrypted-tbn0.gstatic.com/images?q=tbn:ANd9GcRooNphjlhQHFrNa6eaVN-QVgKpqwWUoee_tQ&s
BMW,https://encrypted-tbn0.gstatic.com/images?q=tbn:ANd9GcT_dc7buWWIljTJyP3BPQEvNDR2oawHl0mVTw&s
BMW,https://encrypted-tbn0.gstatic.com/images?q=tbn:ANd9GcQyiy1KGmniGOx1Zb2p1W8m192-gSIga7rmxw&s
BMW,https://encrypted-tbn0.gstatic.com/images?q=tbn:ANd9GcQ95lNbw2Dj_OkzQ7tBO7h3EC6MXslPxN97CA&s
BMW,https://encrypted-tbn0.gstatic.com/images?q=tbn:ANd9GcQxtiCMIxKMhYmAFwmemrS5cxjWS4b6lcO5tA&s
BMW,https://encrypted-tbn0.gstatic.com/images?q=tbn:ANd9GcSn8oWTMF5e_OCP0wr82qwUbLBytJ3bDHrTSQ&s
BMW,https://encrypted-tbn0.gstatic.com/images?q=tbn:ANd9GcTndUDRy8UjtIhnIVCX5oRcOWNDPehPTgX5Fg&s
BMW,https://encrypted-tbn0.gstatic.com/images?q=tbn:ANd9GcSfTcZRYP1znwHedBRFdXuDtXqtIbZN0eBNOQ&s
BMW,https://encrypted-tbn0.gstatic.com/images?q=tbn:ANd9GcTtUMx7I_02W9r2cdDEBvgnkSIqivxgshlW9g&s
BMW,https://encrypted-tbn0.gstatic.com/images?q=tbn:ANd9GcTd_IJ_dlw8Gjpu4TgMun0uVksBYIxQzV3V5g&s
BMW,https://encrypted-tbn0.gstatic.com/images?q=tbn:ANd9GcT3rWrBqRRk_t65Z8UAmyu64pZcixfuaupFag&s
BMW,https://encrypted-tbn0.gstatic.com/images?q=tbn:ANd9GcSFjcDgRg6NI59SVZSCr6kf2TXtsokkHJj5GA&s
BMW,https://encrypted-tbn0.gstatic.com/images?q=tbn:ANd9GcTZhlpJMieekNVhFbOWKrR1vNMXbHWcwhrUxQ&s
BMW,"https://encrypted-tbn3.gstatic.com/faviconV2?url=https://www.bmw.cc&client=IMAGE_SEARCH&size=16&type=FAVICON&fallback_opts=TYPE,SIZE,URL"
BMW,https://encrypted-tbn0.gstatic.com/images?q=tbn:ANd9GcQJUHmvBYcTZx1K_rS1oyiXawvyXOLC5MTrWw&s
BMW,https://encrypted-tbn0.gstatic.com/images?q=tbn:ANd9GcQXurUImPcoxZ-wlRbsm4V6Av9jEfkgsvGzVg&s
BMW,https://encrypted-tbn0.gstatic.com/images?q=tbn:ANd9GcR7yYNf8LFkc_e0jOpXAMBI-JIGlexkIAh4ag&s
BMW,https://encrypted-tbn0.gstatic.com/images?q=tbn:ANd9GcRTJ3mMxl5iwvKZyYywBe3o7ipC82y78C3WAg&s
BMW,https://encrypted-tbn0.gstatic.com/images?q=tbn:ANd9GcT7uKDuWqXnjiSe4PoLKpG3rgwhW-x8X_n1Bg&s
BMW,https://encrypted-tbn0.gstatic.com/images?q=tbn:ANd9GcTGAaTzPJC2s5JHy-FdI0Kn78lC4n0UITggcg&s
BMW,https://encrypted-tbn0.gstatic.com/images?q=tbn:ANd9GcS1IJ1fnC_vl6FQjrPaAQLjblOHoxmSOO_cLw&s
BMW,https://encrypted-tbn0.gstatic.com/images?q=tbn:ANd9GcTS-muUE8FQE4yEsGc4aRdI6SHmqCNLU1jo2A&s
BMW,https://encrypted-tbn0.gstatic.com/images?q=tbn:ANd9GcTAEJN6f_n5qMeNAXOwwYMnajKreFR3wm8x3w&s
BMW,https://encrypted-tbn0.gstatic.com/images?q=tbn:ANd9GcTAOlFTym0bchBX95VFD8TaP6CA_SChzcApDQ&s
BMW,https://encrypted-tbn0.gstatic.com/images?q=tbn:ANd9GcRH7RpUyYBtebQG3FAt21wiac8iLinfPLx7SQ&s
BMW,https://encrypted-tbn0.gstatic.com/images?q=tbn:ANd9GcR_3H1rq10IrxFhOUhG3ktK8FYw1BoW6tofSg&s
BMW,https://encrypted-tbn0.gstatic.com/images?q=tbn:ANd9GcS0W03QBCkLBvpV8q7nvECorncUHCr6XHOg0g&s
BMW,https://encrypted-tbn0.gstatic.com/images?q=tbn:ANd9GcQruwOYjBTbyEWGIMWKDjXgMQuJFAuabxklFQ&s
BMW,https://encrypted-tbn0.gstatic.com/images?q=tbn:ANd9GcQZEqvjsqNq4Qe_D9Dhd3V9UVVdYn2YFBckgA&s
BMW,https://encrypted-tbn0.gstatic.com/images?q=tbn:ANd9GcR0c8ijL0Lwx1F1EnPZHTeE_iGmZ916NKshJA&s
BMW,https://encrypted-tbn0.gstatic.com/images?q=tbn:ANd9GcT4WQMPF4DgRJguRmBR6IIBcCOZweUrszOetA&s
BMW,"https://encrypted-tbn0.gstatic.com/faviconV2?url=https://www.bmw.com&client=IMAGE_SEARCH&size=16&type=FAVICON&fallback_opts=TYPE,SIZE,URL"
BMW,https://encrypted-tbn0.gstatic.com/images?q=tbn:ANd9GcRAh1MNHWgStphA7dhH3sEw99H8szesiuZFlA&s
BMW,https://encrypted-tbn0.gstatic.com/images?q=tbn:ANd9GcQjfAd3g9AGXhvYxkLN9Yg2pSuSUSnk8c4w1w&s
BMW,https://encrypted-tbn0.gstatic.com/images?q=tbn:ANd9GcSbsd5T_GJYtTdhJ2z3NWCFHQADxwZ2SJJjbg&s
BMW,https://encrypted-tbn0.gstatic.com/images?q=tbn:ANd9GcR8aD1dl272NGUfBevz2XLVGT7b0eT3IvpNFQ&s
BMW,https://encrypted-tbn0.gstatic.com/images?q=tbn:ANd9GcSlV6LAkVviMNbgkSY8cqlUZPZPZ4dVc1sRVg&s
BMW,https://encrypted-tbn0.gstatic.com/images?q=tbn:ANd9GcRP6j4Aem2FxantOt7pdeie8ysLYeeuBj0ZUQ&s
BMW,https://encrypted-tbn0.gstatic.com/images?q=tbn:ANd9GcTUOqSwkVWIfgQQ5w216YqCE7mZWQzOh6kDwQ&s
BMW,https://encrypted-tbn0.gstatic.com/images?q=tbn:ANd9GcRUAFc6kle86WOxetmFYa0hbPWVbtHTApLBxg&s
BMW,https://encrypted-tbn0.gstatic.com/images?q=tbn:ANd9GcQ7imBKtjfUxlkrxC39BbKoB-k7cad53wLauw&s
BMW,https://encrypted-tbn0.gstatic.com/images?q=tbn:ANd9GcS8DuHkpEHiap9LytHnGZ68rcJDejyLDMHaLg&s
BMW,https://encrypted-tbn0.gstatic.com/images?q=tbn:ANd9GcRKHQaQdzWKKJr3jjpIUGUuP2_4S6Qdh1XpRQ&s
BMW,"https://encrypted-tbn0.gstatic.com/faviconV2?url=https://www.bmw.com.au&client=IMAGE_SEARCH&size=16&type=FAVICON&fallback_opts=TYPE,SIZE,URL"
BMW,https://encrypted-tbn0.gstatic.com/images?q=tbn:ANd9GcRvXMF0zLLTyPf2fR5o9oG-F__0F9i33S-9xA&s
BMW,https://encrypted-tbn0.gstatic.com/images?q=tbn:ANd9GcQFcAjg0BXLwAnlM-4lD6MVe1BSCoCjFFzgLw&s
BMW,https://encrypted-tbn0.gstatic.com/images?q=tbn:ANd9GcSotehWIBxcZQlqXbHfmYtMcg8-qtOWwzA6vA&s
BMW,"https://encrypted-tbn2.gstatic.com/faviconV2?url=https://www.bmw.com.pe&client=IMAGE_SEARCH&size=16&type=FAVICON&fallback_opts=TYPE,SIZE,URL"
BMW,https://encrypted-tbn0.gstatic.com/images?q=tbn:ANd9GcSgRxYNs6xMIp3kdHWBzofza31ICcx5iexp7w&s
BMW,https://encrypted-tbn0.gstatic.com/images?q=tbn:ANd9GcSILeRRNzkgfQf-d7AVCKlkaddnuBYC_aly4A&s
BMW,https://encrypted-tbn0.gstatic.com/images?q=tbn:ANd9GcQfJ2hzvviHf1rm4cIM5tIyDWebVx1QeVN2DQ&s
BMW,https://encrypted-tbn0.gstatic.com/images?q=tbn:ANd9GcTxvI002u7qq8mh9EyJ1RKIRPjCO0aBvYEQIA&s
BMW,"https://encrypted-tbn3.gstatic.com/faviconV2?url=https://www.bmw.com.tr&client=IMAGE_SEARCH&size=16&type=FAVICON&fallback_opts=TYPE,SIZE,URL"
BMW,https://encrypted-tbn0.gstatic.com/images?q=tbn:ANd9GcQvpby0gTtVo3WDP3F5AUvwIJD5fBO9tqYLxA&s
BMW,https://encrypted-tbn0.gstatic.com/images?q=tbn:ANd9GcT9aE32PW4qATfd7cwLEEg0F8SIPhwdUR6gjg&s
BMW,https://encrypted-tbn0.gstatic.com/images?q=tbn:ANd9GcT1WMGsQSRS_-jEnFMTNHzUXAw-zhAkfhp9Qw&s
BMW,https://encrypted-tbn0.gstatic.com/images?q=tbn:ANd9GcQd97fGCwTzWImNrAjyU1Y0yovNBRbDOaUd8Q&s
BMW,https://encrypted-tbn0.gstatic.com/images?q=tbn:ANd9GcSJ93YkkmMP7_VO08CppLWJytrbzPOA6Y5bDg&s
BMW,https://encrypted-tbn0.gstatic.com/images?q=tbn:ANd9GcRn5oWFlollj2lBwJT2TqiJy13xc291ty02SQ&s
BMW,https://encrypted-tbn0.gstatic.com/images?q=tbn:ANd9GcSVvGKvTb5DGC7CphbqyChxY6NqMMOsHO89gQ&s
BMW,https://encrypted-tbn0.gstatic.com/images?q=tbn:ANd9GcQAI5yvGTq7kwZIOX6xJKUZsiKqmTPpJRIMAw&s
